Workbook

Sheet 안내
A1: 사전·사후 설문 분석 시트 — 기억은 FACT로 지킨다
A3: 사용 방법
A4: 1. [사전] 시트와 [사후] 시트의 노란 칸에만 입력합니다. 학생번호(예: 30215 = 3학년 2반 15번)와 문항별 점수(1~5)를 넣습니다.
A5: 2. 구글 설문 응답을 내려받아 붙여넣을 때도 열 순서를 학생번호, Q1~Q8로 맞춥니다. 학생 이름은 넣지 않습니다(개인정보 최소화).
A6: 3. 사전과 사후는 학생번호로 자동 짝지어집니다. 행 순서가 달라도 됩니다. 한쪽만 응답한 학생은 대응 분석에서 빠집니다.
A7: 4. [분석] 시트가 문항별 평균, 변화량, 대응표본 t검정(양측) 결과와 그래프를 자동으로 보여 줍니다.
A8: 5. [대응] 시트는 계산용입니다. 수정하지 마세요.
A10: 해석 기준
A11: · p < .05 이면 "통계적으로 유의한 변화"로 적을 수 있습니다. 표본(대응 n)이 10명 미만이면 결과를 참고용으로만 씁니다.
A12: · 공모안에는 [분석] 시트의 그래프 1장 + 영역 평균 2줄(보훈 의식 Q1~5, 정보 검증 태도 Q6~8)을 싣는 것을 권장합니다.
A14: 입력 예시 (아래는 형식을 보여 주는 예시이며, 계산에 포함되지 않습니다)
A15: 학생번호 | B15: Q1 | C15: Q2 | D15: Q3 | E15: Q4 | F15: Q5 | G15: Q6 | H15: Q7 | I15: Q8
A16: 30215 | B16: 3 | C16: 2 | D16: 1 | E16: 2 | F16: 4 | G16: 2 | H16: 2 | I16: 3
A18: 문항
A19: Q1 | B19: 임시정부가 오늘의 대한민국과 어떻게 이어지는지 설명할 수 있다
A20: Q2 | B20: 독립운동가·광복군의 희생이 내 삶과 관련 있다고 느낀다
A21: Q3 | B21: 우리 동네 보훈 관련 장소를 알고 있다
A22: Q4 | B22: 독립유공자와 가족에게 감사를 표현할 방법을 안다
A23: Q5 | B23: 보훈 관련 활동에 참여할 의향이 있다
A24: Q6 | B24: AI·인터넷 역사 정보를 그대로 믿지 않고 확인한다
A25: Q7 | B25: 역사 정보의 출처를 찾고 표기할 수 있다
A26: Q8 | B26: 부정확한 역사 정보를 바로잡는 것도 보훈이다
A27: 영역: 보훈 의식 = Q1~Q5, 정보 검증 태도 = Q6~Q8

Sheet 분석
A1: 사전·사후 비교 분석
A2: 대응표본 t검정(양측). 대응 n = 사전·사후 모두 응답한 학생 수. 노란 칸 입력은 [사전]·[사후] 시트에서 합니다.
A4: 문항 | B4: 내용 | C4: 사전 평균 | D4: 사후 평균 | E4: 평균 변화(대응) | F4: 대응 n | G4: 변화의 표준편차 | H4: t | I4: p (양측) | J4: 판정
A5: Q1 | B5: 임시정부가 오늘의 대한민국과 어떻게 이어지는지 설명할 수 있다 | C5: =IFERROR(AVERAGE(사전!B2:B41),"-") -> - | D5: =IFERROR(AVERAGE(사후!B2:B41),"-") -> - | E5: =IFERROR(AVERAGE(대응!B2:B41),"-") -> - | F5: =COUNT(대응!B2:B41) -> 0 | G5: =IF(F5>=2,STDEV(대응!B2:B41),"-") -> - | H5: =IFERROR(E5/(G5/SQRT(F5)),"-") -> - | I5: =IFERROR(TDIST(ABS(H5),F5-1,2),"-") -> - | J5: =IF(ISNUMBER(I5),IF(I5<0.05,"유의함 (p<.05)","유의하지 않음"),"자료 부족") -> 자료 부족
A6: Q2 | B6: 독립운동가·광복군의 희생이 내 삶과 관련 있다고 느낀다 | C6: =IFERROR(AVERAGE(사전!C2:C41),"-") -> - | D6: =IFERROR(AVERAGE(사후!C2:C41),"-") -> - | E6: =IFERROR(AVERAGE(대응!C2:C41),"-") -> - | F6: =COUNT(대응!C2:C41) -> 0 | G6: =IF(F6>=2,STDEV(대응!C2:C41),"-") -> - | H6: =IFERROR(E6/(G6/SQRT(F6)),"-") -> - | I6: =IFERROR(TDIST(ABS(H6),F6-1,2),"-") -> - | J6: =IF(ISNUMBER(I6),IF(I6<0.05,"유의함 (p<.05)","유의하지 않음"),"자료 부족") -> 자료 부족
A7: Q3 | B7: 우리 동네 보훈 관련 장소를 알고 있다 | C7: =IFERROR(AVERAGE(사전!D2:D41),"-") -> - | D7: =IFERROR(AVERAGE(사후!D2:D41),"-") -> - | E7: =IFERROR(AVERAGE(대응!D2:D41),"-") -> - | F7: =COUNT(대응!D2:D41) -> 0 | G7: =IF(F7>=2,STDEV(대응!D2:D41),"-") -> - | H7: =IFERROR(E7/(G7/SQRT(F7)),"-") -> - | I7: =IFERROR(TDIST(ABS(H7),F7-1,2),"-") -> - | J7: =IF(ISNUMBER(I7),IF(I7<0.05,"유의함 (p<.05)","유의하지 않음"),"자료 부족") -> 자료 부족
A8: Q4 | B8: 독립유공자와 가족에게 감사를 표현할 방법을 안다 | C8: =IFERROR(AVERAGE(사전!E2:E41),"-") -> - | D8: =IFERROR(AVERAGE(사후!E2:E41),"-") -> - | E8: =IFERROR(AVERAGE(대응!E2:E41),"-") -> - | F8: =COUNT(대응!E2:E41) -> 0 | G8: =IF(F8>=2,STDEV(대응!E2:E41),"-") -> - | H8: =IFERROR(E8/(G8/SQRT(F8)),"-") -> - | I8: =IFERROR(TDIST(ABS(H8),F8-1,2),"-") -> - | J8: =IF(ISNUMBER(I8),IF(I8<0.05,"유의함 (p<.05)","유의하지 않음"),"자료 부족") -> 자료 부족
A9: Q5 | B9: 보훈 관련 활동에 참여할 의향이 있다 | C9: =IFERROR(AVERAGE(사전!F2:F41),"-") -> - | D9: =IFERROR(AVERAGE(사후!F2:F41),"-") -> - | E9: =IFERROR(AVERAGE(대응!F2:F41),"-") -> - | F9: =COUNT(대응!F2:F41) -> 0 | G9: =IF(F9>=2,STDEV(대응!F2:F41),"-") -> - | H9: =IFERROR(E9/(G9/SQRT(F9)),"-") -> - | I9: =IFERROR(TDIST(ABS(H9),F9-1,2),"-") -> - | J9: =IF(ISNUMBER(I9),IF(I9<0.05,"유의함 (p<.05)","유의하지 않음"),"자료 부족") -> 자료 부족
A10: Q6 | B10: AI·인터넷 역사 정보를 그대로 믿지 않고 확인한다 | C10: =IFERROR(AVERAGE(사전!G2:G41),"-") -> - | D10: =IFERROR(AVERAGE(사후!G2:G41),"-") -> - | E10: =IFERROR(AVERAGE(대응!G2:G41),"-") -> - | F10: =COUNT(대응!G2:G41) -> 0 | G10: =IF(F10>=2,STDEV(대응!G2:G41),"-") -> - | H10: =IFERROR(E10/(G10/SQRT(F10)),"-") -> - | I10: =IFERROR(TDIST(ABS(H10),F10-1,2),"-") -> - | J10: =IF(ISNUMBER(I10),IF(I10<0.05,"유의함 (p<.05)","유의하지 않음"),"자료 부족") -> 자료 부족
A11: Q7 | B11: 역사 정보의 출처를 찾고 표기할 수 있다 | C11: =IFERROR(AVERAGE(사전!H2:H41),"-") -> - | D11: =IFERROR(AVERAGE(사후!H2:H41),"-") -> - | E11: =IFERROR(AVERAGE(대응!H2:H41),"-") -> - | F11: =COUNT(대응!H2:H41) -> 0 | G11: =IF(F11>=2,STDEV(대응!H2:H41),"-") -> - | H11: =IFERROR(E11/(G11/SQRT(F11)),"-") -> - | I11: =IFERROR(TDIST(ABS(H11),F11-1,2),"-") -> - | J11: =IF(ISNUMBER(I11),IF(I11<0.05,"유의함 (p<.05)","유의하지 않음"),"자료 부족") -> 자료 부족
A12: Q8 | B12: 부정확한 역사 정보를 바로잡는 것도 보훈이다 | C12: =IFERROR(AVERAGE(사전!I2:I41),"-") -> - | D12: =IFERROR(AVERAGE(사후!I2:I41),"-") -> - | E12: =IFERROR(AVERAGE(대응!I2:I41),"-") -> - | F12: =COUNT(대응!I2:I41) -> 0 | G12: =IF(F12>=2,STDEV(대응!I2:I41),"-") -> - | H12: =IFERROR(E12/(G12/SQRT(F12)),"-") -> - | I12: =IFERROR(TDIST(ABS(H12),F12-1,2),"-") -> - | J12: =IF(ISNUMBER(I12),IF(I12<0.05,"유의함 (p<.05)","유의하지 않음"),"자료 부족") -> 자료 부족
A13: 영역 | B13: 보훈 의식 (Q1~Q5) | C13: =IFERROR(AVERAGE(사전!B2:F41),"-") -> - | D13: =IFERROR(AVERAGE(사후!B2:F41),"-") -> - | E13: =IFERROR(AVERAGE(대응!J2:J41),"-") -> - | F13: =COUNT(대응!J2:J41) -> 0 | G13: =IF(F13>=2,STDEV(대응!J2:J41),"-") -> - | H13: =IFERROR(E13/(G13/SQRT(F13)),"-") -> - | I13: =IFERROR(TDIST(ABS(H13),F13-1,2),"-") -> - | J13: =IF(ISNUMBER(I13),IF(I13<0.05,"유의함 (p<.05)","유의하지 않음"),"자료 부족") -> 자료 부족
A14: 영역 | B14: 정보 검증 태도 (Q6~Q8) | C14: =IFERROR(AVERAGE(사전!G2:I41),"-") -> - | D14: =IFERROR(AVERAGE(사후!G2:I41),"-") -> - | E14: =IFERROR(AVERAGE(대응!K2:K41),"-") -> - | F14: =COUNT(대응!K2:K41) -> 0 | G14: =IF(F14>=2,STDEV(대응!K2:K41),"-") -> - | H14: =IFERROR(E14/(G14/SQRT(F14)),"-") -> - | I14: =IFERROR(TDIST(ABS(H14),F14-1,2),"-") -> - | J14: =IF(ISNUMBER(I14),IF(I14<0.05,"유의함 (p<.05)","유의하지 않음"),"자료 부족") -> 자료 부족
A15: ※ 영역 행의 사전·사후 평균은 해당 문항 전체 응답의 평균, 평균 변화와 t검정은 학생별 영역 평균의 변화로 계산합니다.

Sheet 사전
A1: 학생번호 | B1: Q1 | C1: Q2 | D1: Q3 | E1: Q4 | F1: Q5 | G1: Q6 | H1: Q7 | I1: Q8

Sheet 사후
A1: 학생번호 | B1: Q1 | C1: Q2 | D1: Q3 | E1: Q4 | F1: Q5 | G1: Q6 | H1: Q7 | I1: Q8

Sheet 대응
A1: 학생번호 | B1: Q1 변화 | C1: Q2 변화 | D1: Q3 변화 | E1: Q4 변화 | F1: Q5 변화 | G1: Q6 변화 | H1: Q7 변화 | I1: Q8 변화 | J1: 보훈 의식 변화(Q1~5 평균) | K1: 정보 검증 변화(Q6~8 평균)
A2: =IF(사전!A2="","",사전!A2) | B2: =IFERROR(IF(AND($A2<>"",ISNUMBER(사전!B2),ISNUMBER(INDEX(사후!B$2:B$41,MATCH($A2,사후!$A$2:$A$41,0)))),INDEX(사후!B$2:B$41,MATCH($A2,사후!$A$2:$A$41,0))-사전!B2,""),"") | C2: =IFERROR(IF(AND($A2<>"",ISNUMBER(사전!C2),ISNUMBER(INDEX(사후!C$2:C$41,MATCH($A2,사후!$A$2:$A$41,0)))),INDEX(사후!C$2:C$41,MATCH($A2,사후!$A$2:$A$41,0))-사전!C2,""),"") | D2: =IFERROR(IF(AND($A2<>"",ISNUMBER(사전!D2),ISNUMBER(INDEX(사후!D$2:D$41,MATCH($A2,사후!$A$2:$A$41,0)))),INDEX(사후!D$2:D$41,MATCH($A2,사후!$A$2:$A$41,0))-사전!D2,""),"") | E2: =IFERROR(IF(AND($A2<>"",ISNUMBER(사전!E2),ISNUMBER(INDEX(사후!E$2:E$41,MATCH($A2,사후!$A$2:$A$41,0)))),INDEX(사후!E$2:E$41,MATCH($A2,사후!$A$2:$A$41,0))-사전!E2,""),"") | F2: =IFERROR(IF(AND($A2<>"",ISNUMBER(사전!F2),ISNUMBER(INDEX(사후!F$2:F$41,MATCH($A2,사후!$A$2:$A$41,0)))),INDEX(사후!F$2:F$41,MATCH($A2,사후!$A$2:$A$41,0))-사전!F2,""),"") | G2: =IFERROR(IF(AND($A2<>"",ISNUMBER(사전!G2),ISNUMBER(INDEX(사후!G$2:G$41,MATCH($A2,사후!$A$2:$A$41,0)))),INDEX(사후!G$2:G$41,MATCH($A2,사후!$A$2:$A$41,0))-사전!G2,""),"") | H2: =IFERROR(IF(AND($A2<>"",ISNUMBER(사전!H2),ISNUMBER(INDEX(사후!H$2:H$41,MATCH($A2,사후!$A$2:$A$41,0)))),INDEX(사후!H$2:H$41,MATCH($A2,사후!$A$2:$A$41,0))-사전!H2,""),"") | I2: =IFERROR(IF(AND($A2<>"",ISNUMBER(사전!I2),ISNUMBER(INDEX(사후!I$2:I$41,MATCH($A2,사후!$A$2:$A$41,0)))),INDEX(사후!I$2:I$41,MATCH($A2,사후!$A$2:$A$41,0))-사전!I2,""),"") | J2: =IF(COUNT(B2:F2)=5,AVERAGE(B2:F2),"") | K2: =IF(COUNT(G2:I2)=3,AVERAGE(G2:I2),"")
A3: =IF(사전!A3="","",사전!A3) | B3: =IFERROR(IF(AND($A3<>"",ISNUMBER(사전!B3),ISNUMBER(INDEX(사후!B$2:B$41,MATCH($A3,사후!$A$2:$A$41,0)))),INDEX(사후!B$2:B$41,MATCH($A3,사후!$A$2:$A$41,0))-사전!B3,""),"") | C3: =IFERROR(IF(AND($A3<>"",ISNUMBER(사전!C3),ISNUMBER(INDEX(사후!C$2:C$41,MATCH($A3,사후!$A$2:$A$41,0)))),INDEX(사후!C$2:C$41,MATCH($A3,사후!$A$2:$A$41,0))-사전!C3,""),"") | D3: =IFERROR(IF(AND($A3<>"",ISNUMBER(사전!D3),ISNUMBER(INDEX(사후!D$2:D$41,MATCH($A3,사후!$A$2:$A$41,0)))),INDEX(사후!D$2:D$41,MATCH($A3,사후!$A$2:$A$41,0))-사전!D3,""),"") | E3: =IFERROR(IF(AND($A3<>"",ISNUMBER(사전!E3),ISNUMBER(INDEX(사후!E$2:E$41,MATCH($A3,사후!$A$2:$A$41,0)))),INDEX(사후!E$2:E$41,MATCH($A3,사후!$A$2:$A$41,0))-사전!E3,""),"") | F3: =IFERROR(IF(AND($A3<>"",ISNUMBER(사전!F3),ISNUMBER(INDEX(사후!F$2:F$41,MATCH($A3,사후!$A$2:$A$41,0)))),INDEX(사후!F$2:F$41,MATCH($A3,사후!$A$2:$A$41,0))-사전!F3,""),"") | G3: =IFERROR(IF(AND($A3<>"",ISNUMBER(사전!G3),ISNUMBER(INDEX(사후!G$2:G$41,MATCH($A3,사후!$A$2:$A$41,0)))),INDEX(사후!G$2:G$41,MATCH($A3,사후!$A$2:$A$41,0))-사전!G3,""),"") | H3: =IFERROR(IF(AND($A3<>"",ISNUMBER(사전!H3),ISNUMBER(INDEX(사후!H$2:H$41,MATCH($A3,사후!$A$2:$A$41,0)))),INDEX(사후!H$2:H$41,MATCH($A3,사후!$A$2:$A$41,0))-사전!H3,""),"") | I3: =IFERROR(IF(AND($A3<>"",ISNUMBER(사전!I3),ISNUMBER(INDEX(사후!I$2:I$41,MATCH($A3,사후!$A$2:$A$41,0)))),INDEX(사후!I$2:I$41,MATCH($A3,사후!$A$2:$A$41,0))-사전!I3,""),"") | J3: =IF(COUNT(B3:F3)=5,AVERAGE(B3:F3),"") | K3: =IF(COUNT(G3:I3)=3,AVERAGE(G3:I3),"")
A4: =IF(사전!A4="","",사전!A4) | B4: =IFERROR(IF(AND($A4<>"",ISNUMBER(사전!B4),ISNUMBER(INDEX(사후!B$2:B$41,MATCH($A4,사후!$A$2:$A$41,0)))),INDEX(사후!B$2:B$41,MATCH($A4,사후!$A$2:$A$41,0))-사전!B4,""),"") | C4: =IFERROR(IF(AND($A4<>"",ISNUMBER(사전!C4),ISNUMBER(INDEX(사후!C$2:C$41,MATCH($A4,사후!$A$2:$A$41,0)))),INDEX(사후!C$2:C$41,MATCH($A4,사후!$A$2:$A$41,0))-사전!C4,""),"") | D4: =IFERROR(IF(AND($A4<>"",ISNUMBER(사전!D4),ISNUMBER(INDEX(사후!D$2:D$41,MATCH($A4,사후!$A$2:$A$41,0)))),INDEX(사후!D$2:D$41,MATCH($A4,사후!$A$2:$A$41,0))-사전!D4,""),"") | E4: =IFERROR(IF(AND($A4<>"",ISNUMBER(사전!E4),ISNUMBER(INDEX(사후!E$2:E$41,MATCH($A4,사후!$A$2:$A$41,0)))),INDEX(사후!E$2:E$41,MATCH($A4,사후!$A$2:$A$41,0))-사전!E4,""),"") | F4: =IFERROR(IF(AND($A4<>"",ISNUMBER(사전!F4),ISNUMBER(INDEX(사후!F$2:F$41,MATCH($A4,사후!$A$2:$A$41,0)))),INDEX(사후!F$2:F$41,MATCH($A4,사후!$A$2:$A$41,0))-사전!F4,""),"") | G4: =IFERROR(IF(AND($A4<>"",ISNUMBER(사전!G4),ISNUMBER(INDEX(사후!G$2:G$41,MATCH($A4,사후!$A$2:$A$41,0)))),INDEX(사후!G$2:G$41,MATCH($A4,사후!$A$2:$A$41,0))-사전!G4,""),"") | H4: =IFERROR(IF(AND($A4<>"",ISNUMBER(사전!H4),ISNUMBER(INDEX(사후!H$2:H$41,MATCH($A4,사후!$A$2:$A$41,0)))),INDEX(사후!H$2:H$41,MATCH($A4,사후!$A$2:$A$41,0))-사전!H4,""),"") | I4: =IFERROR(IF(AND($A4<>"",ISNUMBER(사전!I4),ISNUMBER(INDEX(사후!I$2:I$41,MATCH($A4,사후!$A$2:$A$41,0)))),INDEX(사후!I$2:I$41,MATCH($A4,사후!$A$2:$A$41,0))-사전!I4,""),"") | J4: =IF(COUNT(B4:F4)=5,AVERAGE(B4:F4),"") | K4: =IF(COUNT(G4:I4)=3,AVERAGE(G4:I4),"")
A5: =IF(사전!A5="","",사전!A5) | B5: =IFERROR(IF(AND($A5<>"",ISNUMBER(사전!B5),ISNUMBER(INDEX(사후!B$2:B$41,MATCH($A5,사후!$A$2:$A$41,0)))),INDEX(사후!B$2:B$41,MATCH($A5,사후!$A$2:$A$41,0))-사전!B5,""),"") | C5: =IFERROR(IF(AND($A5<>"",ISNUMBER(사전!C5),ISNUMBER(INDEX(사후!C$2:C$41,MATCH($A5,사후!$A$2:$A$41,0)))),INDEX(사후!C$2:C$41,MATCH($A5,사후!$A$2:$A$41,0))-사전!C5,""),"") | D5: =IFERROR(IF(AND($A5<>"",ISNUMBER(사전!D5),ISNUMBER(INDEX(사후!D$2:D$41,MATCH($A5,사후!$A$2:$A$41,0)))),INDEX(사후!D$2:D$41,MATCH($A5,사후!$A$2:$A$41,0))-사전!D5,""),"") | E5: =IFERROR(IF(AND($A5<>"",ISNUMBER(사전!E5),ISNUMBER(INDEX(사후!E$2:E$41,MATCH($A5,사후!$A$2:$A$41,0)))),INDEX(사후!E$2:E$41,MATCH($A5,사후!$A$2:$A$41,0))-사전!E5,""),"") | F5: =IFERROR(IF(AND($A5<>"",ISNUMBER(사전!F5),ISNUMBER(INDEX(사후!F$2:F$41,MATCH($A5,사후!$A$2:$A$41,0)))),INDEX(사후!F$2:F$41,MATCH($A5,사후!$A$2:$A$41,0))-사전!F5,""),"") | G5: =IFERROR(IF(AND($A5<>"",ISNUMBER(사전!G5),ISNUMBER(INDEX(사후!G$2:G$41,MATCH($A5,사후!$A$2:$A$41,0)))),INDEX(사후!G$2:G$41,MATCH($A5,사후!$A$2:$A$41,0))-사전!G5,""),"") | H5: =IFERROR(IF(AND($A5<>"",ISNUMBER(사전!H5),ISNUMBER(INDEX(사후!H$2:H$41,MATCH($A5,사후!$A$2:$A$41,0)))),INDEX(사후!H$2:H$41,MATCH($A5,사후!$A$2:$A$41,0))-사전!H5,""),"") | I5: =IFERROR(IF(AND($A5<>"",ISNUMBER(사전!I5),ISNUMBER(INDEX(사후!I$2:I$41,MATCH($A5,사후!$A$2:$A$41,0)))),INDEX(사후!I$2:I$41,MATCH($A5,사후!$A$2:$A$41,0))-사전!I5,""),"") | J5: =IF(COUNT(B5:F5)=5,AVERAGE(B5:F5),"") | K5: =IF(COUNT(G5:I5)=3,AVERAGE(G5:I5),"")
A6: =IF(사전!A6="","",사전!A6) | B6: =IFERROR(IF(AND($A6<>"",ISNUMBER(사전!B6),ISNUMBER(INDEX(사후!B$2:B$41,MATCH($A6,사후!$A$2:$A$41,0)))),INDEX(사후!B$2:B$41,MATCH($A6,사후!$A$2:$A$41,0))-사전!B6,""),"") | C6: =IFERROR(IF(AND($A6<>"",ISNUMBER(사전!C6),ISNUMBER(INDEX(사후!C$2:C$41,MATCH($A6,사후!$A$2:$A$41,0)))),INDEX(사후!C$2:C$41,MATCH($A6,사후!$A$2:$A$41,0))-사전!C6,""),"") | D6: =IFERROR(IF(AND($A6<>"",ISNUMBER(사전!D6),ISNUMBER(INDEX(사후!D$2:D$41,MATCH($A6,사후!$A$2:$A$41,0)))),INDEX(사후!D$2:D$41,MATCH($A6,사후!$A$2:$A$41,0))-사전!D6,""),"") | E6: =IFERROR(IF(AND($A6<>"",ISNUMBER(사전!E6),ISNUMBER(INDEX(사후!E$2:E$41,MATCH($A6,사후!$A$2:$A$41,0)))),INDEX(사후!E$2:E$41,MATCH($A6,사후!$A$2:$A$41,0))-사전!E6,""),"") | F6: =IFERROR(IF(AND($A6<>"",ISNUMBER(사전!F6),ISNUMBER(INDEX(사후!F$2:F$41,MATCH($A6,사후!$A$2:$A$41,0)))),INDEX(사후!F$2:F$41,MATCH($A6,사후!$A$2:$A$41,0))-사전!F6,""),"") | G6: =IFERROR(IF(AND($A6<>"",ISNUMBER(사전!G6),ISNUMBER(INDEX(사후!G$2:G$41,MATCH($A6,사후!$A$2:$A$41,0)))),INDEX(사후!G$2:G$41,MATCH($A6,사후!$A$2:$A$41,0))-사전!G6,""),"") | H6: =IFERROR(IF(AND($A6<>"",ISNUMBER(사전!H6),ISNUMBER(INDEX(사후!H$2:H$41,MATCH($A6,사후!$A$2:$A$41,0)))),INDEX(사후!H$2:H$41,MATCH($A6,사후!$A$2:$A$41,0))-사전!H6,""),"") | I6: =IFERROR(IF(AND($A6<>"",ISNUMBER(사전!I6),ISNUMBER(INDEX(사후!I$2:I$41,MATCH($A6,사후!$A$2:$A$41,0)))),INDEX(사후!I$2:I$41,MATCH($A6,사후!$A$2:$A$41,0))-사전!I6,""),"") | J6: =IF(COUNT(B6:F6)=5,AVERAGE(B6:F6),"") | K6: =IF(COUNT(G6:I6)=3,AVERAGE(G6:I6),"")
A7: =IF(사전!A7="","",사전!A7) | B7: =IFERROR(IF(AND($A7<>"",ISNUMBER(사전!B7),ISNUMBER(INDEX(사후!B$2:B$41,MATCH($A7,사후!$A$2:$A$41,0)))),INDEX(사후!B$2:B$41,MATCH($A7,사후!$A$2:$A$41,0))-사전!B7,""),"") | C7: =IFERROR(IF(AND($A7<>"",ISNUMBER(사전!C7),ISNUMBER(INDEX(사후!C$2:C$41,MATCH($A7,사후!$A$2:$A$41,0)))),INDEX(사후!C$2:C$41,MATCH($A7,사후!$A$2:$A$41,0))-사전!C7,""),"") | D7: =IFERROR(IF(AND($A7<>"",ISNUMBER(사전!D7),ISNUMBER(INDEX(사후!D$2:D$41,MATCH($A7,사후!$A$2:$A$41,0)))),INDEX(사후!D$2:D$41,MATCH($A7,사후!$A$2:$A$41,0))-사전!D7,""),"") | E7: =IFERROR(IF(AND($A7<>"",ISNUMBER(사전!E7),ISNUMBER(INDEX(사후!E$2:E$41,MATCH($A7,사후!$A$2:$A$41,0)))),INDEX(사후!E$2:E$41,MATCH($A7,사후!$A$2:$A$41,0))-사전!E7,""),"") | F7: =IFERROR(IF(AND($A7<>"",ISNUMBER(사전!F7),ISNUMBER(INDEX(사후!F$2:F$41,MATCH($A7,사후!$A$2:$A$41,0)))),INDEX(사후!F$2:F$41,MATCH($A7,사후!$A$2:$A$41,0))-사전!F7,""),"") | G7: =IFERROR(IF(AND($A7<>"",ISNUMBER(사전!G7),ISNUMBER(INDEX(사후!G$2:G$41,MATCH($A7,사후!$A$2:$A$41,0)))),INDEX(사후!G$2:G$41,MATCH($A7,사후!$A$2:$A$41,0))-사전!G7,""),"") | H7: =IFERROR(IF(AND($A7<>"",ISNUMBER(사전!H7),ISNUMBER(INDEX(사후!H$2:H$41,MATCH($A7,사후!$A$2:$A$41,0)))),INDEX(사후!H$2:H$41,MATCH($A7,사후!$A$2:$A$41,0))-사전!H7,""),"") | I7: =IFERROR(IF(AND($A7<>"",ISNUMBER(사전!I7),ISNUMBER(INDEX(사후!I$2:I$41,MATCH($A7,사후!$A$2:$A$41,0)))),INDEX(사후!I$2:I$41,MATCH($A7,사후!$A$2:$A$41,0))-사전!I7,""),"") | J7: =IF(COUNT(B7:F7)=5,AVERAGE(B7:F7),"") | K7: =IF(COUNT(G7:I7)=3,AVERAGE(G7:I7),"")
A8: =IF(사전!A8="","",사전!A8) | B8: =IFERROR(IF(AND($A8<>"",ISNUMBER(사전!B8),ISNUMBER(INDEX(사후!B$2:B$41,MATCH($A8,사후!$A$2:$A$41,0)))),INDEX(사후!B$2:B$41,MATCH($A8,사후!$A$2:$A$41,0))-사전!B8,""),"") | C8: =IFERROR(IF(AND($A8<>"",ISNUMBER(사전!C8),ISNUMBER(INDEX(사후!C$2:C$41,MATCH($A8,사후!$A$2:$A$41,0)))),INDEX(사후!C$2:C$41,MATCH($A8,사후!$A$2:$A$41,0))-사전!C8,""),"") | D8: =IFERROR(IF(AND($A8<>"",ISNUMBER(사전!D8),ISNUMBER(INDEX(사후!D$2:D$41,MATCH($A8,사후!$A$2:$A$41,0)))),INDEX(사후!D$2:D$41,MATCH($A8,사후!$A$2:$A$41,0))-사전!D8,""),"") | E8: =IFERROR(IF(AND($A8<>"",ISNUMBER(사전!E8),ISNUMBER(INDEX(사후!E$2:E$41,MATCH($A8,사후!$A$2:$A$41,0)))),INDEX(사후!E$2:E$41,MATCH($A8,사후!$A$2:$A$41,0))-사전!E8,""),"") | F8: =IFERROR(IF(AND($A8<>"",ISNUMBER(사전!F8),ISNUMBER(INDEX(사후!F$2:F$41,MATCH($A8,사후!$A$2:$A$41,0)))),INDEX(사후!F$2:F$41,MATCH($A8,사후!$A$2:$A$41,0))-사전!F8,""),"") | G8: =IFERROR(IF(AND($A8<>"",ISNUMBER(사전!G8),ISNUMBER(INDEX(사후!G$2:G$41,MATCH($A8,사후!$A$2:$A$41,0)))),INDEX(사후!G$2:G$41,MATCH($A8,사후!$A$2:$A$41,0))-사전!G8,""),"") | H8: =IFERROR(IF(AND($A8<>"",ISNUMBER(사전!H8),ISNUMBER(INDEX(사후!H$2:H$41,MATCH($A8,사후!$A$2:$A$41,0)))),INDEX(사후!H$2:H$41,MATCH($A8,사후!$A$2:$A$41,0))-사전!H8,""),"") | I8: =IFERROR(IF(AND($A8<>"",ISNUMBER(사전!I8),ISNUMBER(INDEX(사후!I$2:I$41,MATCH($A8,사후!$A$2:$A$41,0)))),INDEX(사후!I$2:I$41,MATCH($A8,사후!$A$2:$A$41,0))-사전!I8,""),"") | J8: =IF(COUNT(B8:F8)=5,AVERAGE(B8:F8),"") | K8: =IF(COUNT(G8:I8)=3,AVERAGE(G8:I8),"")
A9: =IF(사전!A9="","",사전!A9) | B9: =IFERROR(IF(AND($A9<>"",ISNUMBER(사전!B9),ISNUMBER(INDEX(사후!B$2:B$41,MATCH($A9,사후!$A$2:$A$41,0)))),INDEX(사후!B$2:B$41,MATCH($A9,사후!$A$2:$A$41,0))-사전!B9,""),"") | C9: =IFERROR(IF(AND($A9<>"",ISNUMBER(사전!C9),ISNUMBER(INDEX(사후!C$2:C$41,MATCH($A9,사후!$A$2:$A$41,0)))),INDEX(사후!C$2:C$41,MATCH($A9,사후!$A$2:$A$41,0))-사전!C9,""),"") | D9: =IFERROR(IF(AND($A9<>"",ISNUMBER(사전!D9),ISNUMBER(INDEX(사후!D$2:D$41,MATCH($A9,사후!$A$2:$A$41,0)))),INDEX(사후!D$2:D$41,MATCH($A9,사후!$A$2:$A$41,0))-사전!D9,""),"") | E9: =IFERROR(IF(AND($A9<>"",ISNUMBER(사전!E9),ISNUMBER(INDEX(사후!E$2:E$41,MATCH($A9,사후!$A$2:$A$41,0)))),INDEX(사후!E$2:E$41,MATCH($A9,사후!$A$2:$A$41,0))-사전!E9,""),"") | F9: =IFERROR(IF(AND($A9<>"",ISNUMBER(사전!F9),ISNUMBER(INDEX(사후!F$2:F$41,MATCH($A9,사후!$A$2:$A$41,0)))),INDEX(사후!F$2:F$41,MATCH($A9,사후!$A$2:$A$41,0))-사전!F9,""),"") | G9: =IFERROR(IF(AND($A9<>"",ISNUMBER(사전!G9),ISNUMBER(INDEX(사후!G$2:G$41,MATCH($A9,사후!$A$2:$A$41,0)))),INDEX(사후!G$2:G$41,MATCH($A9,사후!$A$2:$A$41,0))-사전!G9,""),"") | H9: =IFERROR(IF(AND($A9<>"",ISNUMBER(사전!H9),ISNUMBER(INDEX(사후!H$2:H$41,MATCH($A9,사후!$A$2:$A$41,0)))),INDEX(사후!H$2:H$41,MATCH($A9,사후!$A$2:$A$41,0))-사전!H9,""),"") | I9: =IFERROR(IF(AND($A9<>"",ISNUMBER(사전!I9),ISNUMBER(INDEX(사후!I$2:I$41,MATCH($A9,사후!$A$2:$A$41,0)))),INDEX(사후!I$2:I$41,MATCH($A9,사후!$A$2:$A$41,0))-사전!I9,""),"") | J9: =IF(COUNT(B9:F9)=5,AVERAGE(B9:F9),"") | K9: =IF(COUNT(G9:I9)=3,AVERAGE(G9:I9),"")
A10: =IF(사전!A10="","",사전!A10) | B10: =IFERROR(IF(AND($A10<>"",ISNUMBER(사전!B10),ISNUMBER(INDEX(사후!B$2:B$41,MATCH($A10,사후!$A$2:$A$41,0)))),INDEX(사후!B$2:B$41,MATCH($A10,사후!$A$2:$A$41,0))-사전!B10,""),"") | C10: =IFERROR(IF(AND($A10<>"",ISNUMBER(사전!C10),ISNUMBER(INDEX(사후!C$2:C$41,MATCH($A10,사후!$A$2:$A$41,0)))),INDEX(사후!C$2:C$41,MATCH($A10,사후!$A$2:$A$41,0))-사전!C10,""),"") | D10: =IFERROR(IF(AND($A10<>"",ISNUMBER(사전!D10),ISNUMBER(INDEX(사후!D$2:D$41,MATCH($A10,사후!$A$2:$A$41,0)))),INDEX(사후!D$2:D$41,MATCH($A10,사후!$A$2:$A$41,0))-사전!D10,""),"") | E10: =IFERROR(IF(AND($A10<>"",ISNUMBER(사전!E10),ISNUMBER(INDEX(사후!E$2:E$41,MATCH($A10,사후!$A$2:$A$41,0)))),INDEX(사후!E$2:E$41,MATCH($A10,사후!$A$2:$A$41,0))-사전!E10,""),"") | F10: =IFERROR(IF(AND($A10<>"",ISNUMBER(사전!F10),ISNUMBER(INDEX(사후!F$2:F$41,MATCH($A10,사후!$A$2:$A$41,0)))),INDEX(사후!F$2:F$41,MATCH($A10,사후!$A$2:$A$41,0))-사전!F10,""),"") | G10: =IFERROR(IF(AND($A10<>"",ISNUMBER(사전!G10),ISNUMBER(INDEX(사후!G$2:G$41,MATCH($A10,사후!$A$2:$A$41,0)))),INDEX(사후!G$2:G$41,MATCH($A10,사후!$A$2:$A$41,0))-사전!G10,""),"") | H10: =IFERROR(IF(AND($A10<>"",ISNUMBER(사전!H10),ISNUMBER(INDEX(사후!H$2:H$41,MATCH($A10,사후!$A$2:$A$41,0)))),INDEX(사후!H$2:H$41,MATCH($A10,사후!$A$2:$A$41,0))-사전!H10,""),"") | I10: =IFERROR(IF(AND($A10<>"",ISNUMBER(사전!I10),ISNUMBER(INDEX(사후!I$2:I$41,MATCH($A10,사후!$A$2:$A$41,0)))),INDEX(사후!I$2:I$41,MATCH($A10,사후!$A$2:$A$41,0))-사전!I10,""),"") | J10: =IF(COUNT(B10:F10)=5,AVERAGE(B10:F10),"") | K10: =IF(COUNT(G10:I10)=3,AVERAGE(G10:I10),"")
A11: =IF(사전!A11="","",사전!A11) | B11: =IFERROR(IF(AND($A11<>"",ISNUMBER(사전!B11),ISNUMBER(INDEX(사후!B$2:B$41,MATCH($A11,사후!$A$2:$A$41,0)))),INDEX(사후!B$2:B$41,MATCH($A11,사후!$A$2:$A$41,0))-사전!B11,""),"") | C11: =IFERROR(IF(AND($A11<>"",ISNUMBER(사전!C11),ISNUMBER(INDEX(사후!C$2:C$41,MATCH($A11,사후!$A$2:$A$41,0)))),INDEX(사후!C$2:C$41,MATCH($A11,사후!$A$2:$A$41,0))-사전!C11,""),"") | D11: =IFERROR(IF(AND($A11<>"",ISNUMBER(사전!D11),ISNUMBER(INDEX(사후!D$2:D$41,MATCH($A11,사후!$A$2:$A$41,0)))),INDEX(사후!D$2:D$41,MATCH($A11,사후!$A$2:$A$41,0))-사전!D11,""),"") | E11: =IFERROR(IF(AND($A11<>"",ISNUMBER(사전!E11),ISNUMBER(INDEX(사후!E$2:E$41,MATCH($A11,사후!$A$2:$A$41,0)))),INDEX(사후!E$2:E$41,MATCH($A11,사후!$A$2:$A$41,0))-사전!E11,""),"") | F11: =IFERROR(IF(AND($A11<>"",ISNUMBER(사전!F11),ISNUMBER(INDEX(사후!F$2:F$41,MATCH($A11,사후!$A$2:$A$41,0)))),INDEX(사후!F$2:F$41,MATCH($A11,사후!$A$2:$A$41,0))-사전!F11,""),"") | G11: =IFERROR(IF(AND($A11<>"",ISNUMBER(사전!G11),ISNUMBER(INDEX(사후!G$2:G$41,MATCH($A11,사후!$A$2:$A$41,0)))),INDEX(사후!G$2:G$41,MATCH($A11,사후!$A$2:$A$41,0))-사전!G11,""),"") | H11: =IFERROR(IF(AND($A11<>"",ISNUMBER(사전!H11),ISNUMBER(INDEX(사후!H$2:H$41,MATCH($A11,사후!$A$2:$A$41,0)))),INDEX(사후!H$2:H$41,MATCH($A11,사후!$A$2:$A$41,0))-사전!H11,""),"") | I11: =IFERROR(IF(AND($A11<>"",ISNUMBER(사전!I11),ISNUMBER(INDEX(사후!I$2:I$41,MATCH($A11,사후!$A$2:$A$41,0)))),INDEX(사후!I$2:I$41,MATCH($A11,사후!$A$2:$A$41,0))-사전!I11,""),"") | J11: =IF(COUNT(B11:F11)=5,AVERAGE(B11:F11),"") | K11: =IF(COUNT(G11:I11)=3,AVERAGE(G11:I11),"")
A12: =IF(사전!A12="","",사전!A12) | B12: =IFERROR(IF(AND($A12<>"",ISNUMBER(사전!B12),ISNUMBER(INDEX(사후!B$2:B$41,MATCH($A12,사후!$A$2:$A$41,0)))),INDEX(사후!B$2:B$41,MATCH($A12,사후!$A$2:$A$41,0))-사전!B12,""),"") | C12: =IFERROR(IF(AND($A12<>"",ISNUMBER(사전!C12),ISNUMBER(INDEX(사후!C$2:C$41,MATCH($A12,사후!$A$2:$A$41,0)))),INDEX(사후!C$2:C$41,MATCH($A12,사후!$A$2:$A$41,0))-사전!C12,""),"") | D12: =IFERROR(IF(AND($A12<>"",ISNUMBER(사전!D12),ISNUMBER(INDEX(사후!D$2:D$41,MATCH($A12,사후!$A$2:$A$41,0)))),INDEX(사후!D$2:D$41,MATCH($A12,사후!$A$2:$A$41,0))-사전!D12,""),"") | E12: =IFERROR(IF(AND($A12<>"",ISNUMBER(사전!E12),ISNUMBER(INDEX(사후!E$2:E$41,MATCH($A12,사후!$A$2:$A$41,0)))),INDEX(사후!E$2:E$41,MATCH($A12,사후!$A$2:$A$41,0))-사전!E12,""),"") | F12: =IFERROR(IF(AND($A12<>"",ISNUMBER(사전!F12),ISNUMBER(INDEX(사후!F$2:F$41,MATCH($A12,사후!$A$2:$A$41,0)))),INDEX(사후!F$2:F$41,MATCH($A12,사후!$A$2:$A$41,0))-사전!F12,""),"") | G12: =IFERROR(IF(AND($A12<>"",ISNUMBER(사전!G12),ISNUMBER(INDEX(사후!G$2:G$41,MATCH($A12,사후!$A$2:$A$41,0)))),INDEX(사후!G$2:G$41,MATCH($A12,사후!$A$2:$A$41,0))-사전!G12,""),"") | H12: =IFERROR(IF(AND($A12<>"",ISNUMBER(사전!H12),ISNUMBER(INDEX(사후!H$2:H$41,MATCH($A12,사후!$A$2:$A$41,0)))),INDEX(사후!H$2:H$41,MATCH($A12,사후!$A$2:$A$41,0))-사전!H12,""),"") | I12: =IFERROR(IF(AND($A12<>"",ISNUMBER(사전!I12),ISNUMBER(INDEX(사후!I$2:I$41,MATCH($A12,사후!$A$2:$A$41,0)))),INDEX(사후!I$2:I$41,MATCH($A12,사후!$A$2:$A$41,0))-사전!I12,""),"") | J12: =IF(COUNT(B12:F12)=5,AVERAGE(B12:F12),"") | K12: =IF(COUNT(G12:I12)=3,AVERAGE(G12:I12),"")
A13: =IF(사전!A13="","",사전!A13) | B13: =IFERROR(IF(AND($A13<>"",ISNUMBER(사전!B13),ISNUMBER(INDEX(사후!B$2:B$41,MATCH($A13,사후!$A$2:$A$41,0)))),INDEX(사후!B$2:B$41,MATCH($A13,사후!$A$2:$A$41,0))-사전!B13,""),"") | C13: =IFERROR(IF(AND($A13<>"",ISNUMBER(사전!C13),ISNUMBER(INDEX(사후!C$2:C$41,MATCH($A13,사후!$A$2:$A$41,0)))),INDEX(사후!C$2:C$41,MATCH($A13,사후!$A$2:$A$41,0))-사전!C13,""),"") | D13: =IFERROR(IF(AND($A13<>"",ISNUMBER(사전!D13),ISNUMBER(INDEX(사후!D$2:D$41,MATCH($A13,사후!$A$2:$A$41,0)))),INDEX(사후!D$2:D$41,MATCH($A13,사후!$A$2:$A$41,0))-사전!D13,""),"") | E13: =IFERROR(IF(AND($A13<>"",ISNUMBER(사전!E13),ISNUMBER(INDEX(사후!E$2:E$41,MATCH($A13,사후!$A$2:$A$41,0)))),INDEX(사후!E$2:E$41,MATCH($A13,사후!$A$2:$A$41,0))-사전!E13,""),"") | F13: =IFERROR(IF(AND($A13<>"",ISNUMBER(사전!F13),ISNUMBER(INDEX(사후!F$2:F$41,MATCH($A13,사후!$A$2:$A$41,0)))),INDEX(사후!F$2:F$41,MATCH($A13,사후!$A$2:$A$41,0))-사전!F13,""),"") | G13: =IFERROR(IF(AND($A13<>"",ISNUMBER(사전!G13),ISNUMBER(INDEX(사후!G$2:G$41,MATCH($A13,사후!$A$2:$A$41,0)))),INDEX(사후!G$2:G$41,MATCH($A13,사후!$A$2:$A$41,0))-사전!G13,""),"") | H13: =IFERROR(IF(AND($A13<>"",ISNUMBER(사전!H13),ISNUMBER(INDEX(사후!H$2:H$41,MATCH($A13,사후!$A$2:$A$41,0)))),INDEX(사후!H$2:H$41,MATCH($A13,사후!$A$2:$A$41,0))-사전!H13,""),"") | I13: =IFERROR(IF(AND($A13<>"",ISNUMBER(사전!I13),ISNUMBER(INDEX(사후!I$2:I$41,MATCH($A13,사후!$A$2:$A$41,0)))),INDEX(사후!I$2:I$41,MATCH($A13,사후!$A$2:$A$41,0))-사전!I13,""),"") | J13: =IF(COUNT(B13:F13)=5,AVERAGE(B13:F13),"") | K13: =IF(COUNT(G13:I13)=3,AVERAGE(G13:I13),"")
... A41: =IF(사전!A41="","",사전!A41) | B41: =IFERROR(IF(AND($A41<>"",ISNUMBER(사전!B41),ISNUMBER(INDEX(사후!B$2:B$41,MATCH($A41,사후!$A$2:$A$41,0)))),INDEX(사후!B$2:B$41,MATCH($A41,사후!$A$2:$A$41,0))-사전!B41,""),"") | C41: =IFERROR(IF(AND($A41<>"",ISNUMBER(사전!C41),ISNUMBER(INDEX(사후!C$2:C$41,MATCH($A41,사후!$A$2:$A$41,0)))),INDEX(사후!C$2:C$41,MATCH($A41,사후!$A$2:$A$41,0))-사전!C41,""),"") | D41: =IFERROR(IF(AND($A41<>"",ISNUMBER(사전!D41),ISNUMBER(INDEX(사후!D$2:D$41,MATCH($A41,사후!$A$2:$A$41,0)))),INDEX(사후!D$2:D$41,MATCH($A41,사후!$A$2:$A$41,0))-사전!D41,""),"") | E41: =IFERROR(IF(AND($A41<>"",ISNUMBER(사전!E41),ISNUMBER(INDEX(사후!E$2:E$41,MATCH($A41,사후!$A$2:$A$41,0)))),INDEX(사후!E$2:E$41,MATCH($A41,사후!$A$2:$A$41,0))-사전!E41,""),"") | F41: =IFERROR(IF(AND($A41<>"",ISNUMBER(사전!F41),ISNUMBER(INDEX(사후!F$2:F$41,MATCH($A41,사후!$A$2:$A$41,0)))),INDEX(사후!F$2:F$41,MATCH($A41,사후!$A$2:$A$41,0))-사전!F41,""),"") | G41: =IFERROR(IF(AND($A41<>"",ISNUMBER(사전!G41),ISNUMBER(INDEX(사후!G$2:G$41,MATCH($A41,사후!$A$2:$A$41,0)))),INDEX(사후!G$2:G$41,MATCH($A41,사후!$A$2:$A$41,0))-사전!G41,""),"") | H41: =IFERROR(IF(AND($A41<>"",ISNUMBER(사전!H41),ISNUMBER(INDEX(사후!H$2:H$41,MATCH($A41,사후!$A$2:$A$41,0)))),INDEX(사후!H$2:H$41,MATCH($A41,사후!$A$2:$A$41,0))-사전!H41,""),"") | I41: =IFERROR(IF(AND($A41<>"",ISNUMBER(사전!I41),ISNUMBER(INDEX(사후!I$2:I$41,MATCH($A41,사후!$A$2:$A$41,0)))),INDEX(사후!I$2:I$41,MATCH($A41,사후!$A$2:$A$41,0))-사전!I41,""),"") | J41: =IF(COUNT(B41:F41)=5,AVERAGE(B41:F41),"") | K41: =IF(COUNT(G41:I41)=3,AVERAGE(G41:I41),"")
